name,casting_time,components,concentration,duration,level,page,range,ritual,school,srd_name,classes
"Cone of Cold",1 action,VSM,no,Instantaneous,5th,phb 224,Self,no,Evocation,,"Wizard; Sorcerer"
"Silent Image",1 action,VSM,yes,up to 10 minutes,1st,phb 276,60 feet,no,Illusion,,"Bard; Wizard; Sorcerer"
"Conjure Animals",1 action,VS,yes,up to 1 hour,3rd,phb 225,60 feet,no,Conjuration,,"Druid; Ranger"
"Spike Growth",1 action,VSM,yes,up to 10 minutes,2nd,phb 277,150 feet,no,Transmutation,,"Ranger; Druid"
"Confusion",1 action,VSM,yes,up to 1 minute,4th,phb 224,90 feet,no,Enchantment,,"Wizard; Sorcerer; Druid; Bard"
"Locate Creature",1 action,VSM,yes,up to 1 hour,4th,phb 256,Self,no,Divination,,"Druid; Wizard; Paladin; Bard; Cleric; Ranger"
"Storm Sphere",1 action,VS,yes,1 minute,4th,"ee 22, xge 166",150 feet,no,Evocation,,"Wizard; Sorcerer"
"Giant Insect",1 action,VS,yes,up to 10 minutes,4th,phb 245,30 feet,no,Transmutation,,"Druid"
"Guidance",1 action,VS,yes,up to 1 minute,Cantrip,phb 248,Touch,no,Divination,,"Cleric; Artificer; Druid"
"Skill Empowerment",1 action,VS,yes,1 hour,5th,xge 165,Touch,no,Transmutation,,"Wizard; Artificer; Sorcerer; Bard"
"Warding Bond",1 action,VSMgp,no,1 hour,2nd,phb 287,Touch,no,Abjuration,,"Cleric"
"Circle of Death",1 action,VSMgp,no,Instantaneous,6th,phb 221,150 feet,no,Necromancy,,"Wizard; Sorcerer; Warlock"
"Teleportation Circle",1 minute,VMgp,no,1 round,5th,phb 282,10 feet,no,Conjuration,,"Bard; Sorcerer; Wizard"
"Mass Healing Word",1 bonus action,V,no,Instantaneous,3rd,phb 258,60 feet,no,Evocation,,"Cleric"
"Guardian of Nature",1 bonus action,V,yes,1 minute,4th,xge 157,Self,no,Transmutation,,"Druid; Ranger"
"Wall of Light",1 action,VSM,yes,10 minutes,5th,xge 170,120 feet,no,Evocation,,"Warlock; Sorcerer; Wizard"
"Clairvoyance",10 minutes,VSMgp,yes,up to 10 minutes,3rd,phb 222,1 mile,no,Divination,,"Wizard; Sorcerer; Cleric; Bard"
"Word of Recall",1 action,V,no,Instantaneous,6th,phb 289,5 feet,no,Conjuration,,"Cleric"
"Find Steed",10 minutes,VS,no,Instantaneous,2nd,phb 240,30 feet,no,Conjuration,,"Paladin"
"Evard's Black Tentacles",1 action,VSM,yes,up to 1 minute,4th,phb 238,90 feet,no,Conjuration,Black Tentacles,"Wizard"
"Dancing Lights",1 action,VSM,yes,up to 1 minute,Cantrip,phb 230,120 feet,no,Evocation,,"Artificer; Wizard; Sorcerer; Bard"
"Far Step",1 bonus action,V,yes,1 minute,5th,xge 155,Self,no,Conjuration,,"Wizard; Sorcerer; Warlock"
"Expeditious Retreat",1 bonus action,VS,yes,up to 10 minutes,1st,phb 238,Self,no,Transmutation,,"Warlock; Artificer; Wizard; Sorcerer"
"Guards and Wards",10 minutes,VSMgp,no,24 hours,6th,phb 248,Touch,no,Abjuration,,"Wizard; Bard"
"Elemental Bane",1 action,VS,yes,1 minute,4th,"ee 17, xge 155",90 feet,no,Transmutation,,"Warlock; Artificer; Wizard; Druid"
"Creation",1 minute,VSM,no,Special,5th,phb 229,30 feet,no,Illusion,,"Sorcerer; Artificer; Wizard"
"Call Lightning",1 action,VS,yes,up to 10 minutes,3rd,phb 220,120 feet,no,Conjuration,,"Druid"
"Lightning Lure",1 action,V,no,Instantaneous,Cantrip,"scag 143, tce 107",15 feet,no,Evocation,,"Warlock; Sorcerer; Wizard; Artificer"
"Faerie Fire",1 action,V,yes,up to 1 minute,1st,phb 239,60 feet,no,Evocation,,"Druid; Artificer; Bard"
"Flame Blade",1 bonus action,VSM,yes,up to 10 minutes,2nd,phb 242,Self,no,Evocation,,"Druid"
"Temple of the Gods",1 hour,VSMgp,no,24 hours,7th,xge 167,120 feet,no,Conjuration,,"Cleric"
"Magic Circle",1 minute,VSMgp,no,1 hour,3rd,phb 256,10 feet,no,Abjuration,,"Warlock; Cleric; Wizard; Paladin"
"Cloud of Daggers",1 action,VSM,yes,up to 1 minute,2nd,phb 222,60 feet,no,Conjuration,,"Warlock; Bard; Wizard; Sorcerer"
"Whirlwind",1 action,VM,yes,1 minute,7th,"ee 24, xge 171",300 feet,no,Evocation,,"Druid; Sorcerer; Wizard"
"Wall of Stone",1 action,VSM,yes,up to 10 minutes,5th,phb 287,120 feet,no,Evocation,,"Druid; Sorcerer; Wizard; Artificer"
"Augury",1 minute,VSMgp,no,Instantaneous,2nd,phb 215,Self,yes,Divination,,"Cleric"
"Programmed Illusion",1 action,VSMgp,no,Until dispelled,6th,phb 269,120 feet,no,Illusion,,"Bard; Wizard"
"Summon Fiend",1 action,VSM,yes,up to 1 hour,6th,tce 112,90 feet,no,Conjuration,,"Warlock; Wizard"
"Dragon's Breath",1 bonus action,VSM,yes,1 minute,2nd,xge 154,Touch,no,Transmutation,,"Sorcerer; Wizard"
"Summon Greater Demon",1 action,VSM,yes,1 hour,4th,xge 166,60 feet,no,Conjuration,,"Wizard; Warlock"
"Rope Trick",1 action,VSM,no,1 hour,2nd,phb 272,Touch,no,Transmutation,,"Wizard; Artificer"
"Sequester",1 action,VSMgp,no,Until dispelled,7th,phb 274,Touch,no,Transmutation,,"Wizard"
"Scrying",10 minutes,VSMgp,yes,up to 10 minutes,5th,phb 273,Self,no,Divination,,"Wizard; Druid; Warlock; Cleric; Bard"
"Magic Missile",1 action,VS,no,Instantaneous,1st,phb 257,120 feet,no,Evocation,,"Sorcerer; Wizard"
"Jump",1 action,VSM,no,1 minute,1st,phb 254,Touch,no,Transmutation,,"Ranger; Artificer; Wizard; Druid; Sorcerer"
"Mass Heal",1 action,VS,no,Instantaneous,9th,phb 258,60 feet,no,Evocation,,"Cleric"
"Rary's Telepathic Bond",1 action,VSM,no,1 hour,5th,phb 270,30 feet,yes,Divination,Telepathic Bond,"Wizard"
"Enemies Abound",1 action,VS,yes,1 minute,3rd,xge 155,120 feet,no,Enchantment,,"Bard; Warlock; Sorcerer; Wizard"
"Imprisonment",1 minute,VSMgp,no,Until dispelled,9th,phb 252,30 feet,no,Abjuration,,"Warlock; Wizard"
"Spirit Shroud",1 bonus action,VS,yes,up to 1 minute,3rd,tce 108,Self,no,Necromancy,,"Paladin; Wizard; Cleric; Warlock"
"Conjure Celestial",1 minute,VS,yes,up to 1 hour,7th,phb 225,90 feet,no,Conjuration,,"Cleric"
"Calm Emotions",1 action,VS,yes,up to 1 minute,2nd,phb 221,60 feet,no,Enchantment,,"Cleric; Bard"
"Danse Macabre",1 action,VS,yes,1 hour,5th,xge 153,60 feet,no,Necromancy,,"Warlock; Wizard"
"Tasha's Caustic Brew",1 action,VSM,yes,up to 1 minute,1st,tce 115,30 feet,no,Evocation,,"Sorcerer; Artificer; Wizard"
"Hunter's Mark",1 bonus action,V,yes,up to 1 hour,1st,phb 251,90 feet,no,Divination,,"Ranger"
"Bestow Curse",1 action,VS,yes,up to 1 minute,3rd,phb 218,Touch,no,Necromancy,,"Wizard; Cleric; Bard"
"Burning Hands",1 action,VS,no,Instantaneous,1st,phb 220,Self,no,Evocation,,"Sorcerer; Wizard"
"Bane",1 action,VSM,yes,up to 1 minute,1st,phb 216,30 feet,no,Enchantment,,"Cleric; Bard"
"Greater Restoration",1 action,VSMgp,no,Instantaneous,5th,phb 246,Touch,no,Abjuration,,"Cleric; Bard; Artificer; Druid"
"Nystul's Magic Aura",1 action,VSM,no,24 hours,2nd,phb 263,Touch,no,Illusion,Arcanist's Magic Aura,"Wizard"
"Heal",1 action,VS,no,Instantaneous,6th,phb 250,60 feet,no,Evocation,,"Druid; Cleric"
"Thaumaturgy",1 action,V,no,1 minute,Cantrip,phb 282,30 feet,no,Transmutation,,"Cleric"
"Thunder Step",1 action,V,no,Instantaneous,3rd,xge 168,90 feet,no,Conjuration,,"Sorcerer; Wizard; Warlock"
"Contagion",1 action,VS,no,7 days,5th,phb 227,Touch,no,Necromancy,,"Druid; Cleric"
"Mage Armor",1 action,VSM,no,8 hours,1st,phb 256,Touch,no,Abjuration,,"Wizard; Sorcerer"
"Bless",1 action,VSM,yes,up to 1 minute,1st,phb 219,30 feet,no,Enchantment,,"Cleric; Paladin"
"Mage Hand",1 action,VS,no,1 minute,Cantrip,phb 256,30 feet,no,Conjuration,,"Warlock; Bard; Wizard; Artificer; Sorcerer"
"Mold Earth",1 action,S,no,1 hour,Cantrip,"ee 21, xge 162",30 feet,no,Transmutation,,"Druid; Sorcerer; Wizard"
"Alarm",1 minute,VSM,no,8 hours,1st,phb 211,30 feet,yes,Abjuration,,"Artificer; Wizard; Ranger"
"Thunderclap",1 action,S,no,Instantaneous,Cantrip,"ee 22, xge 168",5 feet,no,Evocation,,"Wizard; Sorcerer; Artificer; Druid; Warlock; Bard"
"Catapult",1 action,S,no,Instantaneous,1st,"ee 15, xge 150",60 feet,no,Transmutation,,"Sorcerer; Wizard; Artificer"
"Entangle",1 action,VS,yes,up to 1 minute,1st,phb 238,90 feet,no,Conjuration,,"Druid"
"Weird",1 action,VS,yes,up to 1 minute,9th,phb 288,120 feet,no,Illusion,,"Wizard"
"Haste",1 action,VSM,yes,up to 1 minute,3rd,phb 250,30 feet,no,Transmutation,,"Artificer; Wizard; Sorcerer"
"Fire Storm",1 action,VS,no,Instantaneous,7th,phb 242,150 feet,no,Evocation,,"Druid; Sorcerer; Cleric"
"Arcane Lock",1 action,VSMgp,no,Until dispelled,2nd,phb 215,Touch,no,Abjuration,,"Wizard; Artificer"
"Bigby's Hand",1 action,VSM,yes,up to 1 minute,5th,phb 218,120 feet,no,Evocation,Arcane Hand,"Wizard; Artificer"
"Aid",1 action,VSM,no,8 hours,2nd,phb 211,30 feet,no,Abjuration,,"Paladin; Artificer; Cleric"
"Animate Dead",1 minute,VSM,no,Instantaneous,3rd,phb 212,10 feet,no,Necromancy,,"Wizard; Cleric"
"Aganazzar's Scorcher",1 action,VSM,no,Instantaneous,2nd,"ee 15, xge 150",30 feet,no,Evocation,,"Sorcerer; Wizard"
"Incendiary Cloud",1 action,VS,yes,up to 1 minute,8th,phb 253,150 feet,no,Conjuration,,"Wizard; Sorcerer"
"Earthbind",1 action,V,yes,1 minute,2nd,"ee 17, xge 154",300 feet,no,Transmutation,,"Sorcerer; Druid; Wizard; Warlock"
"Maddening Darkness",1 action,VM,yes,10 minutes,8th,xge 160,150 feet,no,Evocation,,"Warlock; Wizard"
"Disguise Self",1 action,VS,no,1 hour,1st,phb 233,Self,no,Illusion,,"Sorcerer; Wizard; Artificer; Bard"
"Forbiddance",10 minutes,VSMgp,no,24 hours,6th,phb 243,Touch,yes,Abjuration,,"Cleric"
"Resistance",1 action,VSM,yes,up to 1 minute,Cantrip,phb 272,Touch,no,Abjuration,,"Cleric; Artificer; Druid"
"Phantasmal Killer",1 action,VS,yes,up to 1 minute,4th,phb 265,120 feet,no,Illusion,,"Wizard"
"Gate",1 action,VSMgp,yes,up to 1 minute,9th,phb 244,60 feet,no,Conjuration,,"Cleric; Wizard; Sorcerer"
"Investiture of Wind",1 action,VS,yes,10 minutes,6th,"ee 20, xge 160",Self,no,Transmutation,,"Wizard; Sorcerer; Druid; Warlock"
"Mirage Arcane",10 minutes,VS,no,10 days,7th,phb 260,Sight,no,Illusion,,"Druid; Wizard; Bard"
"Silence",1 action,VS,yes,up to 10 minutes,2nd,phb 275,120 feet,yes,Illusion,,"Bard; Cleric; Ranger"
"Tiny Servant",1 minute,VS,no,8 hours,3rd,xge 168,Touch,no,Transmutation,,"Wizard; Artificer"
"Mislead",1 action,S,yes,up to 1 hour,5th,phb 260,Self,no,Illusion,,"Wizard; Bard"
"Scorching Ray",1 action,VS,no,Instantaneous,2nd,phb 273,120 feet,no,Evocation,,"Wizard; Sorcerer"
"Booming Blade",1 action,VM,no,1 round,Cantrip,"scag 142, tce 106",5 feet,no,Evocation,,"Warlock; Artificer; Wizard; Sorcerer"
"Dream",1 minute,VSM,no,8 hours,5th,phb 236,Special,no,Illusion,,"Wizard; Bard; Warlock"
"Feign Death",1 action,VSM,no,1 hour,3rd,phb 240,Touch,yes,Necromancy,,"Bard; Cleric; Druid; Wizard"
"Tasha's Mind Whip",1 action,V,no,1 round,2nd,tce 115,90 feet,no,Enchantment,,"Sorcerer; Wizard"
"Vampiric Touch",1 action,VS,yes,up to 1 minute,3rd,phb 285,Self,no,Necromancy,,"Warlock; Wizard"
"Stinking Cloud",1 action,VSM,yes,up to 1 minute,3rd,phb 278,90 feet,no,Conjuration,,"Sorcerer; Wizard; Bard"
"Acid Splash",1 action,VS,no,Instantaneous,Cantrip,phb 211,60 feet,no,Conjuration,,"Artificer; Wizard; Sorcerer"
"Remove Curse",1 action,VS,no,Instantaneous,3rd,phb 271,Touch,no,Abjuration,,"Wizard; Paladin; Warlock; Cleric"
"Melf's Acid Arrow",1 action,VSM,no,Instantaneous,2nd,phb 259,90 feet,no,Evocation,Acid Arrow,"Wizard"
"Tasha's Hideous Laughter",1 action,VSM,yes,up to 1 minute,1st,phb 280,30 feet,no,Enchantment,Hideous Laughter,"Bard; Wizard"
"Poison Spray",1 action,VS,no,Instantaneous,Cantrip,phb 266,10 feet,no,Conjuration,,"Artificer; Wizard; Druid; Sorcerer; Warlock"
"Storm of Vengeance",1 action,VS,yes,up to 1 minute,9th,phb 279,Sight,no,Conjuration,,"Druid"
"Animal Friendship",1 action,VSM,no,24 hours,1st,phb 212,30 feet,no,Enchantment,,"Bard; Ranger; Druid"
"Sunburst",1 action,VSM,no,Instantaneous,8th,phb 279,150 feet,no,Evocation,,"Sorcerer; Druid; Wizard"
"Phantasmal Force",1 action,VSM,yes,up to 1 minute,2nd,phb 264,60 feet,no,Illusion,,"Bard; Sorcerer; Wizard"
"Otiluke's Resilient Sphere",1 action,VSM,yes,up to 1 minute,4th,phb 264,30 feet,no,Evocation,Resilient Sphere,"Wizard; Artificer"
"Arms of Hadar",1 action,VS,no,Instantaneous,1st,phb 215,Self,no,Conjuration,,"Warlock"
"Grease",1 action,VSM,no,1 minute,1st,phb 246,60 feet,no,Conjuration,,"Wizard; Artificer"
"Detect Poison and Disease",1 action,VSM,yes,up to 10 minutes,1st,phb 231,Self,yes,Divination,,"Paladin; Druid; Ranger; Cleric"
"Divine Favor",1 bonus action,VS,yes,up to 1 minute,1st,phb 234,Self,no,Evocation,,"Paladin"
"Animal Shapes",1 action,VS,yes,up to 24 hours,8th,phb 212,30 feet,no,Transmutation,,"Druid"
"Blur",1 action,V,yes,up to 1 minute,2nd,phb 219,Self,no,Illusion,,"Sorcerer; Artificer; Wizard"
"Transmute Rock",1 action,VSM,no,Until dispelled,5th,"ee 22, xge 169",120 feet,no,Transmutation,,"Druid; Artificer; Wizard"
"Reverse Gravity",1 action,VSM,yes,up to 1 minute,7th,phb 272,100 feet,no,Transmutation,,"Wizard; Sorcerer; Druid"
"Insect Plague",1 action,VSM,yes,up to 10 minutes,5th,phb 254,300 feet,no,Conjuration,,"Sorcerer; Druid; Cleric"
"Mighty Fortress",1 minute,VSMgp,no,Instantaneous,8th,xge 161,1 mile,no,Conjuration,,"Wizard"
"Cordon of Arrows",1 action,VSM,no,8 hours,2nd,phb 228,5 feet,no,Transmutation,,"Ranger"
"Dominate Monster",1 action,VS,yes,up to 1 hour,8th,phb 235,60 feet,no,Enchantment,,"Warlock; Bard; Wizard; Sorcerer"
"Speak with Dead",1 action,VSM,no,10 minutes,3rd,phb 277,10 feet,no,Necromancy,,"Bard; Cleric"
"Dream of the Blue Veil",10 minutes,VSM,no,6 hours,7th,tce 106,20 feet,no,Conjuration,,"Bard; Warlock; Wizard; Sorcerer"
"Banishing Smite",1 bonus action,V,yes,up to 1 minute,5th,phb 216,Self,no,Abjuration,,"Paladin"
"Abi-Dalzim's Horrid Wilting",1 action,VSM,no,Instantaneous,8th,"ee 15, xge 150",150 feet,no,Necromancy,,"Wizard; Sorcerer"
"Simulacrum",12 hours,VSMgp,no,Until dispelled,7th,phb 276,Touch,no,Illusion,,"Wizard"
"Absorb Elements",1 reaction,S,no,1 round,1st,"ee 15, xge 150",Self,no,Abjuration,,"Ranger; Druid; Sorcerer; Artificer; Wizard"
"Friends",1 action,SM,yes,up to 1 minute,Cantrip,phb 244,Self,no,Enchantment,,"Wizard; Sorcerer; Warlock; Bard"
"Conjure Barrage",1 action,VSM,no,Instantaneous,3rd,phb 225,Self,no,Conjuration,,"Ranger"
"Crusader's Mantle",1 action,V,yes,up to 1 minute,3rd,phb 230,Self,no,Evocation,,"Paladin"
"Zone of Truth",1 action,VS,no,10 minutes,2nd,phb 289,60 feet,no,Enchantment,,"Paladin; Bard; Cleric"
"Zephyr Strike",1 bonus action,V,yes,1 minute,1st,xge 171,Self,no,Transmutation,,"Ranger"
"Clone",1 hour,VSMgp,no,Instantaneous,8th,phb 222,Touch,no,Necromancy,,"Wizard"
"Wind Walk",1 minute,VSM,no,8 hours,6th,phb 288,30 feet,no,Transmutation,,"Druid"
"Intellect Fortress",1 action,V,yes,up to 1 hour,3rd,tce 107,30 feet,no,Abjuration,,"Warlock; Bard; Artificer; Wizard; Sorcerer"
"Power Word Kill",1 action,V,no,Instantaneous,9th,phb 266,60 feet,no,Enchantment,,"Wizard; Sorcerer; Bard; Warlock"
"Vitriolic Sphere",1 action,VSM,no,Instantaneous,4th,"ee 23, xge 170",150 feet,no,Evocation,,"Sorcerer; Wizard; Artificer"
"Primal Savagery",1 action,S,no,Instantaneous,Cantrip,xge 163,Self,no,Transmutation,,"Druid"
"Hail of Thorns",1 bonus action,V,yes,up to 1 minute,1st,phb 249,Self,no,Conjuration,,"Ranger"
"Find Greater Steed",10 minutes,VS,no,Instantaneous,4th,xge 156,30 feet,no,Conjuration,,"Paladin"
"Druid Grove",10 minutes,VSM,no,24 hours,6th,xge 154,Touch,no,Abjuration,,"Druid"
"Prismatic Spray",1 action,VS,no,Instantaneous,7th,phb 267,Self,no,Evocation,,"Sorcerer; Wizard"
"Animate Objects",1 action,VS,yes,up to 1 minute,5th,phb 213,120 feet,no,Transmutation,,"Bard; Sorcerer; Wizard; Artificer"
"Locate Object",1 action,VSM,yes,up to 10 minutes,2nd,phb 256,Self,no,Divination,,"Bard; Cleric; Ranger; Druid; Wizard; Paladin"
"Beast Bond",1 action,VSM,yes,10 minutes,1st,"ee 15, xge 150",Touch,no,Divination,,"Ranger; Druid"
"Animal Messenger",1 action,VSM,no,24 hours,2nd,phb 212,30 feet,yes,Enchantment,,"Druid; Ranger; Bard"
"Synaptic Static",1 action,VS,no,Instantaneous,5th,xge 167,120 feet,no,Enchantment,,"Sorcerer; Wizard; Bard; Warlock"
"Mind Spike",1 action,S,yes,1 hour,2nd,xge 162,60 feet,no,Divination,,"Sorcerer; Wizard; Warlock"
"Ice Storm",1 action,VSM,no,Instantaneous,4th,phb 252,300 feet,no,Evocation,,"Wizard; Sorcerer; Druid"
"Fear",1 action,VSM,yes,up to 1 minute,3rd,phb 239,Self,no,Illusion,,"Warlock; Bard; Wizard; Sorcerer"
"Freedom of Movement",1 action,VSM,no,1 hour,4th,phb 244,Touch,no,Abjuration,,"Bard; Ranger; Cleric; Druid; Artificer"
"Find Traps",1 action,VS,no,Instantaneous,2nd,phb 241,120 feet,no,Divination,,"Ranger; Cleric; Druid"
"Skywrite",1 action,VS,yes,1 hour,2nd,"ee 22, xge 165",Sight,yes,Transmutation,,"Druid; Artificer; Wizard; Bard"
"Major Image",1 action,VSM,yes,up to 10 minutes,3rd,phb 258,120 feet,no,Illusion,,"Sorcerer; Wizard; Warlock; Bard"
"Dimension Door",1 action,V,no,Instantaneous,4th,phb 233,500 feet,no,Conjuration,,"Warlock; Bard; Sorcerer; Wizard"
"Antipathy/Sympathy",1 hour,VSM,no,10 days,8th,phb 214,60 feet,no,Enchantment,,"Druid; Wizard"
"Hallow",24 hours,VSMgp,no,Until dispelled,5th,phb 249,Touch,no,Evocation,,"Cleric"
"Inflict Wounds",1 action,VS,no,Instantaneous,1st,phb 253,Touch,no,Necromancy,,"Cleric"
"Toll the Dead",1 action,VS,no,Instantaneous,Cantrip,xge 169,60 feet,no,Necromancy,,"Wizard; Cleric; Warlock"
"Meld into Stone",1 action,VS,no,8 hours,3rd,phb 259,Touch,yes,Transmutation,,"Cleric; Druid"
"Frostbite",1 action,VS,no,Instantaneous,Cantrip,"ee 18, xge 156",60 feet,no,Evocation,,"Artificer; Wizard; Druid; Sorcerer; Warlock"
"Forcecage",1 action,VSMgp,no,1 hour,7th,phb 243,100 feet,no,Evocation,,"Bard; Warlock; Wizard"
"Levitate",1 action,VSM,yes,up to 10 minutes,2nd,phb 255,60 feet,no,Transmutation,,"Sorcerer; Wizard; Artificer"
"Infestation",1 action,VSM,no,Instantaneous,Cantrip,xge 158,30 feet,no,Conjuration,,"Warlock; Druid; Sorcerer; Wizard"
"Magic Jar",1 minute,VSMgp,no,Until dispelled,6th,phb 257,Self,no,Necromancy,,"Wizard"
"Grasping Vine",1 bonus action,VS,yes,up to 1 minute,4th,phb 246,30 feet,no,Conjuration,,"Ranger; Druid"
"Nondetection",1 action,VSMgp,no,8 hours,3rd,phb 263,Touch,no,Abjuration,,"Wizard; Bard; Ranger"
"Summon Aberration",1 action,VSM,yes,up to 1 hour,4th,tce 109,90 feet,no,Conjuration,,"Wizard; Warlock"
"Delayed Blast Fireball",1 action,VSM,yes,up to 1 minute,7th,phb 230,150 feet,no,Evocation,,"Sorcerer; Wizard"
"Alter Self",1 action,VS,yes,up to 1 hour,2nd,phb 211,Self,no,Transmutation,,"Sorcerer; Wizard; Artificer"
"Sacred Flame",1 action,VS,no,Instantaneous,Cantrip,phb 272,60 feet,no,Evocation,,"Cleric"
"Enervation",1 action,VS,yes,1 minute,5th,xge 155,60 feet,no,Necromancy,,"Warlock; Sorcerer; Wizard"
"Lightning Bolt",1 action,VSM,no,Instantaneous,3rd,phb 255,Self,no,Evocation,,"Wizard; Sorcerer"
"Earthquake",1 action,VSM,yes,up to 1 minute,8th,phb 236,500 feet,no,Evocation,,"Sorcerer; Druid; Cleric"
"Eldritch Blast",1 action,VS,no,Instantaneous,Cantrip,phb 237,120 feet,no,Evocation,,"Warlock"
"Glibness",1 action,V,no,1 hour,8th,phb 245,Self,no,Transmutation,,"Bard; Warlock"
"True Resurrection",1 hour,VSMgp,no,Instantaneous,9th,phb 284,Touch,no,Necromancy,,"Cleric; Druid"
"Mind Sliver",1 action,V,no,1 round,Cantrip,tce 108,60 feet,no,Enchantment,,"Sorcerer; Wizard; Warlock"
"Flame Strike",1 action,VSM,no,Instantaneous,5th,phb 242,60 feet,no,Evocation,,"Cleric"
"Wall of Force",1 action,VSM,yes,up to 10 minutes,5th,phb 285,120 feet,no,Evocation,,"Wizard"
"Minor Illusion",1 action,SM,no,1 minute,Cantrip,phb 260,30 feet,no,Illusion,,"Bard; Warlock; Sorcerer; Wizard"
"Passwall",1 action,VSM,no,1 hour,5th,phb 264,30 feet,no,Transmutation,,"Wizard"
"Blinding Smite",1 bonus action,V,yes,up to 1 minute,3rd,phb 219,Self,no,Evocation,,"Paladin"
"Mirror Image",1 action,VS,no,1 minute,2nd,phb 260,Self,no,Illusion,,"Sorcerer; Wizard; Warlock"
"Stone Shape",1 action,VSM,no,Instantaneous,4th,phb 278,Touch,no,Transmutation,,"Wizard; Artificer; Druid; Cleric"
"Wall of Sand",1 action,VSM,yes,10 minutes,3rd,"ee 23, xge 170",90 feet,no,Evocation,,"Wizard"
"Illusory Dragon",1 action,S,yes,1 minute,8th,xge 157,120 feet,no,Illusion,,"Wizard"
"Disintegrate",1 action,VSM,no,Instantaneous,6th,phb 233,60 feet,no,Transmutation,,"Wizard; Sorcerer"
"Color Spray",1 action,VSM,no,1 round,1st,phb 222,Self,no,Illusion,,"Sorcerer; Wizard"
"Tsunami",1 minute,VS,yes,up to 6 rounds,8th,phb 284,Sight,no,Conjuration,,"Druid"
"Geas",1 minute,V,no,30 days,5th,phb 244,60 feet,no,Enchantment,,"Paladin; Druid; Wizard; Bard; Cleric"
"Compulsion",1 action,VS,yes,up to 1 minute,4th,phb 224,30 feet,no,Enchantment,,"Bard"
"Regenerate",1 minute,VSM,no,1 hour,7th,phb 271,Touch,no,Transmutation,,"Cleric; Bard; Druid"
"Investiture of Stone",1 action,VS,yes,10 minutes,6th,"ee 19, xge 159",Self,no,Transmutation,,"Sorcerer; Druid; Wizard; Warlock"
"Ray of Sickness",1 action,VS,no,Instantaneous,1st,phb 271,60 feet,no,Necromancy,,"Sorcerer; Wizard"
"Life Transference",1 action,VS,no,Instantaneous,3rd,xge 160,30 feet,no,Necromancy,,"Wizard; Cleric"
"Heat Metal",1 action,VSM,yes,up to 1 minute,2nd,phb 250,60 feet,no,Transmutation,,"Druid; Artificer; Bard"
"Ice Knife",1 action,SM,no,Instantaneous,1st,"ee 19, xge 157",60 feet,no,Conjuration,,"Wizard; Druid; Sorcerer"
"Plane Shift",1 action,VSMgp,no,Instantaneous,7th,phb 266,Touch,no,Conjuration,,"Wizard; Druid; Sorcerer; Warlock; Cleric"
"Thunderous Smite",1 bonus action,V,yes,up to 1 minute,1st,phb 282,Self,no,Evocation,,"Paladin"
"Power Word Pain",1 action,V,no,Instantaneous,7th,xge 163,60 feet,no,Enchantment,,"Wizard; Sorcerer; Warlock"
"Dispel Evil and Good",1 action,VSM,yes,up to 1 minute,5th,phb 233,Self,no,Abjuration,,"Cleric; Paladin"
"Sleet Storm",1 action,VSM,yes,up to 1 minute,3rd,phb 276,150 feet,no,Conjuration,,"Sorcerer; Druid; Wizard"
"Gentle Repose",1 action,VSM,no,10 days,2nd,phb 245,Touch,yes,Necromancy,,"Cleric; Wizard"
"Mass Cure Wounds",1 action,VS,no,Instantaneous,5th,phb 258,60 feet,no,Evocation,,"Druid; Cleric; Bard"
"Cure Wounds",1 action,VS,no,Instantaneous,1st,phb 230,Touch,no,Evocation,,"Cleric; Ranger; Artificer; Druid; Paladin; Bard"
"Armor of Agathys",1 action,VSM,no,1 hour,1st,phb 215,Self,no,Abjuration,,"Warlock"
"False Life",1 action,VSM,no,1 hour,1st,phb 239,Self,no,Necromancy,,"Artificer; Wizard; Sorcerer"
"Phantom Steed",1 minute,VS,no,1 hour,3rd,phb 265,30 feet,yes,Illusion,,"Wizard"
"Tongues",1 action,VM,no,1 hour,3rd,phb 283,Touch,no,Divination,,"Sorcerer; Wizard; Warlock; Bard; Cleric"
"Control Winds",1 action,VS,yes,1 hour,5th,ee 16,300 feet,no,Transmutation,,"Druid; Sorcerer; Wizard"
"Seeming",1 action,VS,no,8 hours,5th,phb 274,30 feet,no,Illusion,,"Wizard; Sorcerer; Bard"
"Shape Water",1 action,S,no,1 hour,Cantrip,ee 21,30 feet,no,Transmutation,,"Wizard; Sorcerer; Druid"
"Shadow Blade",1 bonus action,VS,yes,1 minute,2nd,xge 164,Self,no,Illusion,,"Warlock; Wizard; Sorcerer"
"Create Food and Water",1 action,VS,no,Instantaneous,3rd,phb 229,30 feet,no,Conjuration,,"Cleric; Paladin; Artificer"
"Eyebite",1 action,VS,yes,up to 1 minute,6th,phb 238,Self,no,Necromancy,,"Bard; Warlock; Wizard; Sorcerer"
"Resurrection",1 hour,VSMgp,no,Instantaneous,7th,phb 272,Touch,no,Necromancy,,"Cleric; Bard"
"Etherealness",1 action,VS,no,8 hours,7th,phb 238,Self,no,Transmutation,,"Cleric; Bard; Warlock; Wizard; Sorcerer"
"Glyph of Warding",1 hour,VSMgp,no,Until dispelled,3rd,phb 245,Touch,no,Abjuration,,"Bard; Cleric; Wizard; Artificer"
"Polymorph",1 action,VSM,yes,up to 1 hour,4th,phb 266,60 feet,no,Transmutation,,"Sorcerer; Druid; Wizard; Bard"
"Spider Climb",1 action,VSM,yes,up to 1 hour,2nd,phb 277,Touch,no,Transmutation,,"Wizard; Artificer; Sorcerer; Warlock"
"Power Word Heal",1 action,VS,no,Instantaneous,9th,phb 266,Touch,no,Evocation,,"Bard"
"Warding Wind",1 action,V,yes,10 minutes,2nd,"ee 23, xge 170",Self,no,Evocation,,"Bard; Sorcerer; Druid; Wizard"
"Maximilian's Earthen Grasp",1 action,VSM,yes,1 minute,2nd,"ee 20, xge 161",30 feet,no,Transmutation,,"Sorcerer; Wizard"
"Soul Cage",1 reaction,VSMgp,no,8 hours,6th,xge 165,60 feet,no,Necromancy,,"Wizard; Warlock"
"Create Undead",1 minute,VSMgp,no,Instantaneous,6th,phb 229,10 feet,no,Necromancy,,"Cleric; Warlock; Wizard"
"Finger of Death",1 action,VS,no,Instantaneous,7th,phb 241,60 feet,no,Necromancy,,"Warlock; Wizard; Sorcerer"
"Spiritual Weapon",1 bonus action,VS,no,1 minute,2nd,phb 278,60 feet,no,Evocation,,"Cleric"
"Tenser's Transformation",1 action,VSM,yes,10 minutes,6th,xge 168,Self,no,Transmutation,,"Wizard"
"Pass without Trace",1 action,VSM,yes,up to 1 hour,2nd,phb 264,Self,no,Abjuration,,"Druid; Ranger"
"Blade Ward",1 action,VS,no,1 round,Cantrip,phb 218,Self,no,Abjuration,,"Warlock; Bard; Sorcerer; Wizard"
"Wish",1 action,V,no,Instantaneous,9th,phb 288,Self,no,Conjuration,,"Sorcerer; Wizard"
"Wind Wall",1 action,VSM,yes,up to 1 minute,3rd,phb 288,120 feet,no,Evocation,,"Druid; Ranger"
"Power Word Stun",1 action,V,no,Instantaneous,8th,phb 267,60 feet,no,Enchantment,,"Bard; Warlock; Sorcerer; Wizard"
"Ensnaring Strike",1 bonus action,V,yes,up to 1 minute,1st,phb 237,Self,no,Conjuration,,"Ranger"
"Revivify",1 action,VSMgp,no,Instantaneous,3rd,phb 272,Touch,no,Necromancy,,"Artificer; Paladin; Cleric"
"Control Weather",10 minutes,VSM,yes,up to 8 hours,8th,phb 228,Self,no,Transmutation,,"Druid; Wizard; Cleric"
"Beacon of Hope",1 action,VS,yes,up to 1 minute,3rd,phb 217,30 feet,no,Abjuration,,"Cleric"
"Continual Flame",1 action,VSMgp,no,Until dispelled,2nd,phb 227,Touch,no,Evocation,,"Artificer; Wizard; Cleric"
"Dispel Magic",1 action,VS,no,Instantaneous,3rd,phb 234,120 feet,no,Abjuration,,"Bard; Warlock; Paladin; Druid; Artificer; Cleric; Sorcerer; Wizard"
"Misty Step",1 bonus action,V,no,Instantaneous,2nd,phb 260,Self,no,Conjuration,,"Sorcerer; Wizard; Warlock"
"Bones of the Earth",1 action,VS,no,Instantaneous,6th,"ee 15, xge 150",120 feet,no,Transmutation,,"Druid"
"Enhance Ability",1 action,VSM,yes,up to 1 hour,2nd,phb 237,Touch,no,Transmutation,,"Cleric; Bard; Artificer; Druid; Sorcerer"
"Chaos Bolt",1 action,VS,no,Instantaneous,1st,xge 151,120 feet,no,Evocation,,"Sorcerer"
"Crown of Stars",1 action,VS,no,1 hour,7th,xge 152,Self,no,Evocation,,"Warlock; Sorcerer; Wizard"
"Fog Cloud",1 action,VS,yes,up to 1 hour,1st,phb 243,120 feet,no,Conjuration,,"Wizard; Sorcerer; Druid; Ranger"
"Searing Smite",1 bonus action,V,yes,up to 1 minute,1st,phb 274,Self,no,Evocation,,"Paladin"
"Blindness/Deafness",1 action,V,no,1 minute,2nd,phb 219,30 feet,no,Necromancy,,"Wizard; Sorcerer; Cleric; Bard"
"Erupting Earth",1 action,VSM,no,Instantaneous,3rd,"ee 17, xge 155",120 feet,no,Transmutation,,"Wizard; Sorcerer; Druid"
"Feeblemind",1 action,VSM,no,Instantaneous,8th,phb 239,150 feet,no,Enchantment,,"Druid; Wizard; Warlock; Bard"
"Locate Animals or Plants",1 action,VSM,no,Instantaneous,2nd,phb 256,Self,yes,Divination,,"Druid; Ranger; Bard"
"Blight",1 action,VS,no,Instantaneous,4th,phb 219,30 feet,no,Necromancy,,"Warlock; Druid; Sorcerer; Wizard"
"Psychic Scream",1 action,S,no,Instantaneous,9th,xge 163,90 feet,no,Enchantment,,"Wizard; Sorcerer; Warlock; Bard"
"Stoneskin",1 action,VSMgp,yes,up to 1 hour,4th,phb 278,Touch,no,Abjuration,,"Wizard; Artificer; Druid; Sorcerer; Ranger"
"Planar Binding",1 hour,VSMgp,no,24 hours,5th,phb 265,60 feet,no,Abjuration,,"Wizard; Druid; Cleric; Bard"
"Tidal Wave",1 action,VSM,no,Instantaneous,3rd,"ee 22, xge 168",120 feet,no,Conjuration,,"Druid; Sorcerer; Wizard"
"Crown of Madness",1 action,VS,yes,up to 1 minute,2nd,phb 229,120 feet,no,Enchantment,,"Wizard; Sorcerer; Bard; Warlock"
"Mental Prison",1 action,S,yes,1 minute,6th,xge 161,60 feet,no,Illusion,,"Sorcerer; Wizard; Warlock"
"Green-Flame Blade",1 action,VM,no,Instantaneous,Cantrip,"scag 143, tce 107",5 feet,no,Evocation,,"Warlock; Wizard; Artificer; Sorcerer"
"Speak with Animals",1 action,VS,no,10 minutes,1st,phb 277,Self,yes,Divination,,"Ranger; Bard; Druid"
"Beast Sense",1 action,S,yes,up to 1 hour,2nd,phb 217,Touch,yes,Divination,,"Ranger; Druid"
"Water Breathing",1 action,VSM,no,24 hours,3rd,phb 287,30 feet,yes,Transmutation,,"Artificer; Wizard; Druid; Sorcerer; Ranger"
"Holy Aura",1 action,VSMgp,yes,up to 1 minute,8th,phb 251,Self,no,Abjuration,,"Cleric"
"Purify Food and Drink",1 action,VS,no,Instantaneous,1st,phb 270,10 feet,yes,Transmutation,,"Druid; Artificer; Paladin; Cleric"
"Telepathy",1 action,VSM,no,24 hours,8th,phb 281,Unlimited,no,Evocation,,"Wizard"
"Healing Word",1 bonus action,V,no,Instantaneous,1st,phb 250,60 feet,no,Evocation,,"Bard; Cleric; Druid"
"Destructive Wave",1 action,V,no,Instantaneous,5th,phb 231,Self,no,Evocation,,"Paladin"
"Mordenkainen's Private Sanctum",10 minutes,VSM,no,24 hours,4th,phb 262,120 feet,no,Abjuration,Private Sanctum,"Wizard; Artificer"
"Shapechange",1 action,VSMgp,yes,up to 1 hour,9th,phb 274,Self,no,Transmutation,,"Wizard; Druid"
"Cloudkill",1 action,VS,yes,up to 10 minutes,5th,phb 222,120 feet,no,Conjuration,,"Sorcerer; Wizard"
"Arcane Eye",1 action,VSM,yes,up to 1 hour,4th,phb 214,30 feet,no,Divination,,"Wizard; Artificer"
"Produce Flame",1 action,VS,no,10 minutes,Cantrip,phb 269,Self,no,Conjuration,,"Druid"
"Mass Polymorph",1 action,VSM,yes,1 hour,9th,xge 160,120 feet,no,Transmutation,,"Sorcerer; Wizard; Bard"
"Sanctuary",1 bonus action,VSM,no,1 minute,1st,phb 272,30 feet,no,Abjuration,,"Artificer; Cleric"
"Heroism",1 action,VS,yes,up to 1 minute,1st,phb 250,Touch,no,Enchantment,,"Bard; Paladin"
"Web",1 action,VSM,yes,up to 1 hour,2nd,phb 287,60 feet,no,Conjuration,,"Sorcerer; Artificer; Wizard"
"Witch Bolt",1 action,VSM,yes,up to 1 minute,1st,phb 289,30 feet,no,Evocation,,"Warlock; Wizard; Sorcerer"
"Swift Quiver",1 bonus action,VSM,yes,up to 1 minute,5th,phb 279,Touch,no,Transmutation,,"Ranger"
"Goodberry",1 action,VSM,no,Instantaneous,1st,phb 246,Touch,no,Transmutation,,"Ranger; Druid"
"Control Flames",1 action,S,no,1 hour,Cantrip,"ee 16, xge 152",60 feet,no,Transmutation,,"Druid; Sorcerer; Wizard"
"Divine Word",1 bonus action,V,no,Instantaneous,7th,phb 234,30 feet,no,Evocation,,"Cleric"
"Hypnotic Pattern",1 action,SM,yes,up to 1 minute,3rd,phb 252,120 feet,no,Illusion,,"Wizard; Sorcerer; Bard; Warlock"
"Mending",1 minute,VSM,no,Instantaneous,Cantrip,phb 259,Touch,no,Transmutation,,"Sorcerer; Wizard; Cleric; Druid; Artificer; Bard"
"Otiluke's Freezing Sphere",1 action,VSM,no,Instantaneous,6th,phb 263,300 feet,no,Evocation,Freezing Sphere,"Wizard"
"Detect Thoughts",1 action,VSM,yes,up to 1 minute,2nd,phb 231,Self,no,Divination,,"Bard; Sorcerer; Wizard"
"Arcane Weapon",1 bonus action,VS,yes,up to 1 hour,1st,ua,Self,no,Transmutation,,"Artificer"
"Teleport",1 action,V,no,Instantaneous,7th,phb 281,10 feet,no,Conjuration,,"Sorcerer; Wizard; Bard"
"Hold Person",1 action,VSM,yes,up to 1 minute,2nd,phb 251,60 feet,no,Enchantment,,"Warlock; Cleric; Bard; Wizard; Sorcerer; Druid"
"Summon Fey",1 action,VSM,yes,up to 1 hour,3rd,tce 112,90 feet,no,Conjuration,,"Warlock; Ranger; Wizard; Druid"
"Fire Bolt",1 action,VS,no,Instantaneous,Cantrip,phb 242,120 feet,no,Evocation,,"Sorcerer; Wizard; Artificer"
"Symbol",1 minute,VSMgp,no,Until dispelled,7th,phb 280,Touch,no,Abjuration,,"Cleric; Bard; Wizard"
"Mass Suggestion",1 action,VM,no,24 hours,6th,phb 258,60 feet,no,Enchantment,,"Sorcerer; Wizard; Warlock; Bard"
"Wrath of Nature",1 action,VS,yes,1 minute,5th,xge 171,120 feet,no,Evocation,,"Ranger; Druid"
"Hunger of Hadar",1 action,VSM,yes,up to 1 minute,3rd,phb 251,150 feet,no,Conjuration,,"Warlock"
"Unseen Servant",1 action,VSM,no,1 hour,1st,phb 284,60 feet,yes,Conjuration,,"Warlock; Bard; Wizard"
"Immolation",1 action,V,yes,1 minute,5th,"ee 19, xge 158",90 feet,no,Evocation,,"Sorcerer; Wizard"
"Tree Stride",1 action,VS,yes,up to 1 minute,5th,phb 283,Self,no,Conjuration,,"Ranger; Druid"
"Aura of Purity",1 action,V,yes,up to 10 minutes,4th,phb 216,Self,no,Abjuration,,"Paladin"
"Mordenkainen's Faithful Hound",1 action,VSM,no,8 hours,4th,phb 261,30 feet,no,Conjuration,Faithful Hound,"Artificer; Wizard"
"Fireball",1 action,VSM,no,Instantaneous,3rd,phb 241,150 feet,no,Evocation,,"Wizard; Sorcerer"
"Time Stop",1 action,V,no,Instantaneous,9th,phb 283,Self,no,Transmutation,,"Sorcerer; Wizard"
"Globe of Invulnerability",1 action,VSM,yes,up to 1 minute,6th,phb 245,Self,no,Abjuration,,"Sorcerer; Wizard"
"Wall of Ice",1 action,VSM,yes,up to 10 minutes,6th,phb 285,120 feet,no,Evocation,,"Wizard"
"Guiding Bolt",1 action,VS,no,1 round,1st,phb 248,120 feet,no,Evocation,,"Cleric"
"Ray of Enfeeblement",1 action,VS,yes,up to 1 minute,2nd,phb 271,60 feet,no,Necromancy,,"Warlock; Wizard"
"Find Familiar",1 hour,VSMgp,no,Instantaneous,1st,phb 240,10 feet,yes,Conjuration,,"Wizard"
"Summon Lesser Demons",1 action,VSM,yes,1 hour,3rd,xge 167,60 feet,no,Conjuration,,"Warlock; Wizard"
"Pyrotechnics",1 action,VS,no,Instantaneous,2nd,"ee 21, xge 163",60 feet,no,Transmutation,,"Artificer; Wizard; Sorcerer; Bard"
"Counterspell",1 reaction,S,no,Instantaneous,3rd,phb 228,60 feet,no,Abjuration,,"Warlock; Sorcerer; Wizard"
"True Polymorph",1 action,VSM,yes,up to 1 hour,9th,phb 283,30 feet,no,Transmutation,,"Wizard; Warlock; Bard"
"Hold Monster",1 action,VSM,yes,up to 1 minute,5th,phb 251,90 feet,no,Enchantment,,"Sorcerer; Wizard; Bard; Warlock"
"Magic Weapon",1 bonus action,VS,yes,up to 1 hour,2nd,phb 257,Touch,no,Transmutation,,"Wizard; Artificer; Paladin"
"Banishment",1 action,VSM,yes,up to 1 minute,4th,phb 217,60 feet,no,Abjuration,,"Warlock; Cleric; Sorcerer; Wizard; Paladin"
"Shatter",1 action,VSM,no,Instantaneous,2nd,phb 275,60 feet,no,Evocation,,"Warlock; Bard; Sorcerer; Wizard"
"Ceremony",1 hour,VSMgp,no,Instantaneous,1st,xge 151,Touch,yes,Abjuration,,"Cleric; Paladin"
"Guardian of Faith",1 action,V,no,8 hours,4th,phb 246,30 feet,no,Conjuration,,"Cleric"
"Suggestion",1 action,VM,yes,up to 8 hours,2nd,phb 279,30 feet,no,Enchantment,,"Wizard; Sorcerer; Bard; Warlock"
"Scatter",1 action,V,no,Instantaneous,6th,xge 164,30 feet,no,Abjuration,,"Sorcerer; Wizard; Warlock"
"Antimagic Field",1 action,VSM,yes,up to 1 hour,8th,phb 213,Self,no,Abjuration,,"Cleric; Wizard"
"Heroes' Feast",10 minutes,VSMgp,no,Instantaneous,6th,phb 250,30 feet,no,Conjuration,,"Cleric; Druid"
"Snilloc's Snowball Swarm",1 action,VSM,no,Instantaneous,2nd,"ee 22, xge 165",90 feet,no,Evocation,,"Sorcerer; Wizard"
"Vicious Mockery",1 action,V,no,Instantaneous,Cantrip,phb 285,60 feet,no,Enchantment,,"Bard"
"Sending",1 action,VSM,no,1 round,3rd,phb 274,Unlimited,no,Evocation,,"Wizard; Bard; Cleric"
"Ray of Frost",1 action,VS,no,Instantaneous,Cantrip,phb 271,60 feet,no,Evocation,,"Sorcerer; Artificer; Wizard"
"Investiture of Ice",1 action,VS,yes,10 minutes,6th,"ee 19, xge 159",Self,no,Transmutation,,"Warlock; Sorcerer; Druid; Wizard"
"Investiture of Flame",1 action,VS,yes,10 minutes,6th,"ee 19, xge 159",Self,no,Transmutation,,"Sorcerer; Druid; Wizard; Warlock"
"Daylight",1 action,VS,no,1 hour,3rd,phb 230,60 feet,no,Evocation,,"Sorcerer; Druid; Paladin; Cleric; Ranger"
"Shield",1 reaction,VS,no,1 round,1st,phb 275,Self,no,Abjuration,,"Sorcerer; Wizard"
"Magic Mouth",1 minute,VSMgp,no,Until dispelled,2nd,phb 257,30 feet,yes,Illusion,,"Wizard; Artificer; Bard"
"Create or Destroy Water",1 action,VSM,no,Instantaneous,1st,phb 229,30 feet,no,Transmutation,,"Cleric; Druid"
"Sunbeam",1 action,VSM,yes,up to 1 minute,6th,phb 279,Self,no,Evocation,,"Druid; Sorcerer; Wizard"
"Sickening Radiance",1 action,VS,yes,10 minutes,4th,xge 164,120 feet,no,Evocation,,"Warlock; Sorcerer; Wizard"
"Find the Path",1 minute,VSMgp,yes,up to 24 hours,6th,phb 240,Self,no,Divination,,"Druid; Bard; Cleric"
"Prestidigitation",1 action,VS,no,1 hour,Cantrip,phb 267,10 feet,no,Transmutation,,"Bard; Warlock; Artificer; Wizard; Sorcerer"
"Shadow of Moil",1 action,VSMgp,yes,1 minute,4th,xge 164,Self,no,Necromancy,,"Warlock"
"Magic Stone",1 bonus action,VS,no,1 minute,Cantrip,"ee 20, xge 160",Touch,no,Transmutation,,"Druid; Artificer; Warlock"
"Tenser's Floating Disk",1 action,VSM,no,1 hour,1st,phb 282,30 feet,yes,Conjuration,Floating Disk,"Wizard"
"Wall of Thorns",1 action,VSM,yes,up to 10 minutes,6th,phb 287,120 feet,no,Conjuration,,"Druid"
"Planar Ally",10 minutes,VS,no,Instantaneous,6th,phb 265,60 feet,no,Conjuration,,"Cleric"
"Speak with Plants",1 action,VS,no,10 minutes,3rd,phb 277,Self,no,Transmutation,,"Bard; Ranger; Druid"
"Flaming Sphere",1 action,VSM,yes,up to 1 minute,2nd,phb 242,60 feet,no,Conjuration,,"Druid; Wizard"
"Dissonant Whispers",1 action,V,no,Instantaneous,1st,phb 234,60 feet,no,Enchantment,,"Bard"
"Project Image",1 action,VSMgp,yes,up to 24 hours,7th,phb 270,500 miles,no,Illusion,,"Wizard; Bard"
"Identify",1 minute,VSMgp,no,Instantaneous,1st,phb 252,Touch,yes,Divination,,"Artificer; Wizard; Bard"
"Cause Fear",1 action,V,yes,1 minute,1st,xge 151,60 feet,no,Necromancy,,"Warlock; Wizard"
"Compelled Duel",1 bonus action,V,yes,up to 1 minute,1st,phb 224,30 feet,no,Enchantment,,"Paladin"
"Prayer of Healing",10 minutes,V,no,Instantaneous,2nd,phb 267,30 feet,no,Evocation,,"Cleric"
"Modify Memory",1 action,VS,yes,up to 1 minute,5th,phb 261,30 feet,no,Enchantment,,"Bard; Wizard"
"Transport via Plants",1 action,VS,no,1 round,6th,phb 283,10 feet,no,Conjuration,,"Druid"
"Protection from Evil and Good",1 action,VSM,yes,up to 10 minutes,1st,phb 270,Touch,no,Abjuration,,"Warlock; Cleric; Wizard; Paladin"
"Earth Tremor",1 action,VS,no,Instantaneous,1st,"ee 17, xge 155",10 feet,no,Evocation,,"Bard; Wizard; Druid; Sorcerer"
"Lesser Restoration",1 action,VS,no,Instantaneous,2nd,phb 255,Touch,no,Abjuration,,"Bard; Artificer; Druid; Paladin; Ranger; Cleric"
"Thorn Whip",1 action,VSM,no,Instantaneous,Cantrip,phb 282,30 feet,no,Transmutation,,"Artificer; Druid"
"Conjure Woodland Beings",1 action,VSM,yes,up to 1 hour,4th,phb 226,60 feet,no,Conjuration,,"Druid; Ranger"
"Conjure Fey",1 minute,VS,yes,up to 1 hour,6th,phb 226,90 feet,no,Conjuration,,"Warlock; Druid"
"Death Ward",1 action,VS,no,8 hours,4th,phb 230,Touch,no,Abjuration,,"Paladin; Cleric"
"Harm",1 action,VS,no,Instantaneous,6th,phb 249,60 feet,no,Necromancy,,"Cleric"
"Chain Lightning",1 action,VSM,no,Instantaneous,6th,phb 221,150 feet,no,Evocation,,"Wizard; Sorcerer"
"Shield of Faith",1 bonus action,VSM,yes,up to 10 minutes,1st,phb 275,60 feet,no,Abjuration,,"Cleric; Paladin"
"Dawn",1 action,VSMgp,yes,1 minute,5th,xge 153,60 feet,no,Evocation,,"Wizard; Cleric"
"Move Earth",1 action,VSM,yes,up to 2 hours,6th,phb 263,120 feet,no,Transmutation,,"Sorcerer; Druid; Wizard"
"Moonbeam",1 action,VSM,yes,up to 1 minute,2nd,phb 261,120 feet,no,Evocation,,"Druid"
"Plant Growth",1 action,VS,no,Instantaneous,3rd,phb 266,150 feet,no,Transmutation,,"Druid; Ranger; Bard"
"Gust of Wind",1 action,VSM,yes,up to 1 minute,2nd,phb 248,Self,no,Evocation,,"Druid; Sorcerer; Wizard"
"Fire Shield",1 action,VSM,no,10 minutes,4th,phb 242,Self,no,Evocation,,"Wizard"
"Mordenkainen's Sword",1 action,VSMgp,yes,up to 1 minute,7th,phb 262,60 feet,no,Evocation,Arcane Sword,"Bard; Wizard"
"Sleep",1 action,VSM,no,1 minute,1st,phb 276,90 feet,no,Enchantment,,"Bard; Sorcerer; Wizard"
"Water Walk",1 action,VSM,no,1 hour,3rd,phb 287,30 feet,yes,Transmutation,,"Druid; Sorcerer; Artificer; Ranger; Cleric"
"Flame Arrows",1 action,VS,yes,1 hour,3rd,"ee 18, xge 156",Touch,no,Transmutation,,"Ranger; Wizard; Artificer; Sorcerer; Druid"
"Summon Undead",1 action,VSM,yes,up to 1 hour,3rd,tce 114,90 feet,no,Necromancy,,"Wizard; Warlock"
"Protection from Poison",1 action,VS,no,1 hour,2nd,phb 270,Touch,no,Abjuration,,"Ranger; Cleric; Artificer; Druid; Paladin"
"Darkvision",1 action,VSM,no,8 hours,2nd,phb 230,Touch,no,Transmutation,,"Ranger; Druid; Sorcerer; Artificer; Wizard"
"Reincarnate",1 hour,VSMgp,no,Instantaneous,5th,phb 271,Touch,no,Transmutation,,"Druid"
"Leomund's Secret Chest",1 action,VSMgp,no,Instantaneous,4th,phb 254,Touch,no,Conjuration,Secret Chest,"Artificer; Wizard"
"Holy Weapon",1 bonus action,VS,yes,1 hour,5th,xge 157,Touch,no,Evocation,,"Cleric; Paladin"
"Gust",1 action,VS,no,Instantaneous,Cantrip,"ee 19, xge 157",30 feet,no,Transmutation,,"Wizard; Druid; Sorcerer"
"Barkskin",1 action,VSM,yes,up to 1 hour,2nd,phb 217,Touch,no,Transmutation,,"Ranger; Druid"
"Steel Wind Strike",1 action,SMgp,no,Instantaneous,5th,xge 166,30 feet,no,Conjuration,,"Wizard; Ranger"
"Hellish Rebuke",1 reaction,VS,no,Instantaneous,1st,phb 250,60 feet,no,Evocation,,"Warlock"
"Spare the Dying",1 action,VS,no,Instantaneous,Cantrip,phb 277,Touch,no,Necromancy,,"Artificer; Cleric"
"Chromatic Orb",1 action,VSMgp,no,Instantaneous,1st,phb 221,90 feet,no,Evocation,,"Sorcerer; Wizard"
"Invulnerability",1 action,VSMgp,yes,10 minutes,9th,xge 160,Self,no,Abjuration,,"Wizard"
"Staggering Smite",1 bonus action,V,yes,up to 1 minute,4th,phb 278,Self,no,Evocation,,"Paladin"
"Chill Touch",1 action,VS,no,1 round,Cantrip,phb 221,120 feet,no,Necromancy,,"Wizard; Sorcerer; Warlock"
"Astral Projection",1 hour,VSMgp,no,Special,9th,phb 215,10 feet,no,Necromancy,,"Wizard; Cleric; Warlock"
"Blade of Disaster",1 bonus action,VS,yes,up to 1 minute,9th,tce 106,60 feet,no,Conjuration,,"Sorcerer; Wizard; Warlock"
"Message",1 action,VSM,no,1 round,Cantrip,phb 259,120 feet,no,Transmutation,,"Bard; Wizard; Artificer; Sorcerer"
"Contact Other Plane",1 minute,V,no,1 minute,5th,phb 226,Self,yes,Divination,,"Wizard; Warlock"
"Knock",1 action,V,no,Instantaneous,2nd,phb 254,60 feet,no,Transmutation,,"Wizard; Sorcerer; Bard"
"Detect Magic",1 action,VS,yes,up to 10 minutes,1st,phb 231,Self,yes,Divination,,"Cleric; Ranger; Wizard; Sorcerer; Bard; Paladin; Artificer; Druid"
"Antilife Shell",1 action,VS,yes,up to 1 hour,5th,phb 213,Self,no,Abjuration,,"Druid"
"Awaken",8 hours,VSMgp,no,Instantaneous,5th,phb 216,Touch,no,Transmutation,,"Bard; Druid"
"Foresight",1 minute,VSM,no,8 hours,9th,phb 244,Touch,no,Divination,,"Wizard; Druid; Bard; Warlock"
"Summon Beast",1 action,VSM,yes,up to 1 hour,2nd,tce 109,90 feet,no,Conjuration,,"Ranger; Druid"
"Maelstrom",1 action,VSM,yes,1 minute,5th,"ee 20, xge 160",120 feet,no,Evocation,,"Druid"
"Conjure Elemental",1 minute,VSM,yes,up to 1 hour,5th,phb 225,90 feet,no,Conjuration,,"Wizard; Druid"
"Darkness",1 action,VM,yes,up to 10 minutes,2nd,phb 230,60 feet,no,Evocation,,"Warlock; Wizard; Sorcerer"
"Control Water",1 action,VSM,yes,up to 10 minutes,4th,phb 227,300 feet,no,Transmutation,,"Cleric; Wizard; Druid"
"Hallucinatory Terrain",10 minutes,VSM,no,24 hours,4th,phb 249,300 feet,no,Illusion,,"Warlock; Bard; Druid; Wizard"
"Summon Elemental",1 action,VSM,yes,up to 1 hour,4th,tce 111,90 feet,no,Conjuration,,"Wizard; Druid; Ranger"
"Fly",1 action,VSM,yes,up to 10 minutes,3rd,phb 243,Touch,no,Transmutation,,"Warlock; Sorcerer; Wizard; Artificer"
"Summon Celestial",1 action,VSM,yes,up to 1 hour,5th,tce 110,90 feet,no,Conjuration,,"Cleric; Paladin"
"Raise Dead",1 hour,VSMgp,no,Instantaneous,5th,phb 270,Touch,no,Necromancy,,"Cleric; Bard; Paladin"
"Legend Lore",10 minutes,VSMgp,no,Instantaneous,5th,phb 254,Self,no,Divination,,"Cleric; Bard; Wizard"
"Aura of Vitality",1 action,V,yes,up to 1 minute,3rd,phb 216,Self,no,Evocation,,"Paladin"
"Wall of Water",1 action,VSM,yes,10 minutes,3rd,"ee 23, xge 170",60 feet,no,Evocation,,"Wizard; Sorcerer; Druid"
"Dominate Beast",1 action,VS,yes,up to 1 minute,4th,phb 234,60 feet,no,Enchantment,,"Druid; Sorcerer"
"Illusory Script",1 minute,SMgp,no,10 days,1st,phb 252,Touch,yes,Illusion,,"Wizard; Bard; Warlock"
"Aura of Life",1 action,V,yes,up to 10 minutes,4th,phb 216,Self,no,Abjuration,,"Paladin"
"Detect Evil and Good",1 action,VS,yes,up to 10 minutes,1st,phb 231,Self,no,Divination,,"Cleric; Paladin"
"Greater Invisibility",1 action,VS,yes,up to 1 minute,4th,phb 246,Touch,no,Illusion,,"Sorcerer; Wizard; Bard"
"Light",1 action,VM,no,1 hour,Cantrip,phb 255,Touch,no,Evocation,,"Cleric; Bard; Artificer; Wizard; Sorcerer"
"Demiplane",1 action,S,no,1 hour,8th,phb 231,60 feet,no,Conjuration,,"Wizard; Warlock"
"Create Homunculus",1 hour,VSMgp,no,Instantaneous,6th,xge 152,Touch,no,Transmutation,,"Wizard"
"Branding Smite",1 bonus action,V,yes,up to 1 minute,2nd,phb 219,Self,no,Evocation,,"Paladin"
"Maze",1 action,VS,yes,up to 10 minutes,8th,phb 258,60 feet,no,Conjuration,,"Wizard"
"True Strike",1 action,S,yes,up to 1 round,Cantrip,phb 284,30 feet,no,Divination,,"Warlock; Bard; Sorcerer; Wizard"
"Infernal Calling",1 minute,VSMgp,yes,1 hour,5th,xge 158,90 feet,no,Conjuration,,"Warlock; Wizard"
"Conjure Volley",1 action,VSM,no,Instantaneous,5th,phb 226,150 feet,no,Conjuration,,"Ranger"
"Command",1 action,V,no,1 round,1st,phb 223,60 feet,no,Enchantment,,"Cleric; Paladin"
"Shillelagh",1 bonus action,VSM,no,1 minute,Cantrip,phb 275,Touch,no,Transmutation,,"Druid"
"Otto's Irresistible Dance",1 action,V,yes,up to 1 minute,6th,phb 264,30 feet,no,Enchantment,Irresistible Dance,"Wizard; Bard"
"Blade Barrier",1 action,VS,yes,up to 10 minutes,6th,phb 218,90 feet,no,Evocation,,"Cleric"
"Enthrall",1 action,VS,no,1 minute,2nd,phb 238,60 feet,no,Enchantment,,"Warlock; Bard"
"Dominate Person",1 action,VS,yes,up to 1 minute,5th,phb 235,60 feet,no,Enchantment,,"Bard; Sorcerer; Wizard"
"Negative Energy Flood",1 action,VM,no,Instantaneous,5th,xge 163,60 feet,no,Necromancy,,"Wizard; Warlock"
"Lightning Arrow",1 bonus action,VS,yes,up to 1 minute,3rd,phb 255,Self,no,Transmutation,,"Ranger"
"Sword Burst",1 action,V,no,Instantaneous,Cantrip,"scag 143, tce 115",5 feet,no,Conjuration,,"Sorcerer; Artificer; Wizard; Warlock"
"Spirit Guardians",1 action,VSM,yes,up to 10 minutes,3rd,phb 278,Self,no,Conjuration,,"Cleric"
"Invisibility",1 action,VSM,yes,up to 1 hour,2nd,phb 254,Touch,no,Illusion,,"Warlock; Bard; Artificer; Wizard; Sorcerer"
"Slow",1 action,VSM,yes,up to 1 minute,3rd,phb 277,120 feet,no,Transmutation,,"Sorcerer; Wizard"
"Charm Person",1 action,VS,no,1 hour,1st,phb 221,30 feet,no,Enchantment,,"Wizard; Druid; Sorcerer; Bard; Warlock"
"Divination",1 action,VSMgp,no,Instantaneous,4th,phb 234,Self,yes,Divination,,"Cleric"
"Summon Shadowspawn",1 action,VSM,yes,up to 1 hour,3rd,tce 113,90 feet,no,Conjuration,,"Wizard; Warlock"
"Blink",1 action,VS,no,1 minute,3rd,phb 219,Self,no,Transmutation,,"Sorcerer; Artificer; Wizard"
"Watery Sphere",1 action,VSM,yes,1 minute,4th,"ee 23, xge 170",90 feet,no,Conjuration,,"Wizard; Druid; Sorcerer"
"Summon Construct",1 action,VSM,yes,up to 1 hour,4th,tce 111,90 feet,no,Conjuration,,"Artificer; Wizard"
"Commune",1 minute,VSM,no,1 minute,5th,phb 223,Self,yes,Divination,,"Cleric"
"Word of Radiance",1 action,VM,no,Instantaneous,Cantrip,xge 171,5 feet,no,Evocation,,"Cleric"
"Thunderwave",1 action,VS,no,Instantaneous,1st,phb 282,Self,no,Evocation,,"Wizard; Druid; Sorcerer; Bard"
"Shocking Grasp",1 action,VS,no,Instantaneous,Cantrip,phb 275,Touch,no,Evocation,,"Sorcerer; Artificer; Wizard"
"Tasha's Otherworldly Guise",1 bonus action,VSM,yes,up to 1 minute,6th,tce 116,Self,no,Transmutation,,"Sorcerer; Wizard; Warlock"
"Conjure Minor Elementals",1 minute,VS,yes,up to 1 hour,4th,phb 226,90 feet,no,Conjuration,,"Druid; Wizard"
"Flesh to Stone",1 action,VSM,yes,up to 1 minute,6th,phb 243,60 feet,no,Transmutation,,"Warlock; Wizard"
"Leomund's Tiny Hut",1 minute,VSM,no,8 hours,3rd,phb 255,Self,yes,Evocation,Tiny Hut,"Wizard; Bard"
"Wrathful Smite",1 bonus action,V,yes,up to 1 minute,1st,phb 289,Self,no,Evocation,,"Paladin"
"Healing Spirit",1 bonus action,VS,yes,1 minute,2nd,xge 157,60 feet,no,Conjuration,,"Druid; Ranger"
"Hex",1 bonus action,VSM,yes,up to 1 hour,1st,phb 251,90 feet,no,Enchantment,,"Warlock"
"Drawmij's Instant Summons",1 minute,VSMgp,no,Until dispelled,6th,phb 235,Touch,yes,Conjuration,Instant Summons,"Wizard"
"Feather Fall",1 reaction,VM,no,1 minute,1st,phb 239,60 feet,no,Transmutation,,"Bard; Artificer; Wizard; Sorcerer"
"Arcane Gate",1 action,VS,yes,up to 10 minutes,6th,phb 214,500 feet,no,Conjuration,,"Sorcerer; Wizard; Warlock"
"Melf's Minute Meteors",1 action,VSM,yes,10 minutes,3rd,"ee 20, xge 161",Self,no,Evocation,,"Wizard; Sorcerer"
"Druidcraft",1 action,VS,no,Instantaneous,Cantrip,phb 236,30 feet,no,Transmutation,,"Druid"
"Longstrider",1 action,VSM,no,1 hour,1st,phb 256,Touch,no,Transmutation,,"Druid; Artificer; Wizard; Bard; Ranger"
"Primordial Ward",1 action,VS,yes,1 minute,6th,"ee 21, xge 163",Self,no,Abjuration,,"Druid"
"True Seeing",1 action,VSMgp,no,1 hour,6th,phb 284,Touch,no,Divination,,"Wizard; Sorcerer; Warlock; Cleric; Bard"
"Elemental Weapon",1 action,VS,yes,up to 1 hour,3rd,phb 237,Touch,no,Transmutation,,"Paladin; Artificer"
"See Invisibility",1 action,VSM,no,1 hour,2nd,phb 274,Self,no,Divination,,"Bard; Artificer; Wizard; Sorcerer"
"Charm Monster",1 action,VS,no,1 hour,4th,xge 151,30 feet,no,Enchantment,,"Wizard; Sorcerer; Druid; Bard; Warlock"
"Circle of Power",1 action,V,yes,up to 10 minutes,5th,phb 221,Self,no,Abjuration,,"Paladin"
"Telekinesis",1 action,VS,yes,up to 10 minutes,5th,phb 280,60 feet,no,Transmutation,,"Wizard; Sorcerer"
"Fabricate",10 minutes,VS,no,Instantaneous,4th,phb 239,120 feet,no,Transmutation,,"Artificer; Wizard"
"Dust Devil",1 action,VSM,yes,1 minute,2nd,"ee 17, xge 154",60 feet,no,Conjuration,,"Druid; Sorcerer; Wizard"
"Prismatic Wall",1 action,VS,no,10 minutes,9th,phb 267,60 feet,no,Abjuration,,"Wizard"
"Gaseous Form",1 action,VSM,yes,up to 1 hour,3rd,phb 244,Touch,no,Transmutation,,"Wizard; Artificer; Sorcerer; Warlock"
"Snare",1 minute,SMgp,no,8 hours,1st,xge 165,Touch,no,Abjuration,,"Ranger; Druid; Artificer; Wizard"
"Commune with Nature",1 minute,VS,no,Instantaneous,5th,phb 224,Self,yes,Divination,,"Ranger; Druid"
"Create Bonfire",1 action,VS,yes,1 minute,Cantrip,"ee 16, xge 152",60 feet,no,Conjuration,,"Warlock; Sorcerer; Druid; Wizard; Artificer"
"Comprehend Languages",1 action,VSM,no,1 hour,1st,phb 224,Self,yes,Divination,,"Warlock; Bard; Wizard; Sorcerer"
"Catnap",1 action,SM,no,10 minutes,3rd,xge 151,30 feet,no,Enchantment,,"Wizard; Artificer; Sorcerer; Bard"
"Mind Blank",1 action,VS,no,24 hours,8th,phb 259,Touch,no,Abjuration,,"Bard; Wizard"
"Protection from Energy",1 action,VS,yes,up to 1 hour,3rd,phb 270,Touch,no,Abjuration,,"Wizard; Sorcerer; Ranger; Cleric; Artificer; Druid"
"Mordenkainen's Magnificent Mansion",1 minute,VSMgp,no,24 hours,7th,phb 261,300 feet,no,Conjuration,Magnificent Mansion,"Bard; Wizard"
"Wall of Fire",1 action,VSM,yes,up to 1 minute,4th,phb 285,120 feet,no,Evocation,,"Sorcerer; Druid; Wizard"
"Enlarge/Reduce",1 action,VSM,yes,up to 1 minute,2nd,phb 237,30 feet,no,Transmutation,,"Wizard; Artificer; Sorcerer"
"Contingency",10 minutes,VSMgp,no,10 days,6th,phb 227,Self,no,Evocation,,"Wizard"
"Meteor Swarm",1 action,VS,no,Instantaneous,9th,phb 259,1 mile,no,Evocation,,"Wizard; Sorcerer"